grievance_id,text,department,state,urgency,if_anomaly_score,escalation_risk,predicted_resolution_days
SYN0000004,My luggage worth Rs 20814 was stolen from coach A1 on train Rajdhani and no proper action has been taken by railway authorities.,Ministry of Railways,Assam,high,0.5994,0.039,63.5
SYN0000032,"Train 12301 from Jharkhand to Haryana was delayed by 14 hours without any announcement, causing inconvenience to passengers and senior citizens.",Ministry of Railways,Madhya Pradesh,high,0.5633,0.787,37.3
SYN0000060,PM-KISAN installment of Rs 99936 has not been received for 16 months despite verification being completed successfully.,Ministry of Agriculture,Odisha,high,0.5619,0.07,29.3
SYN0000087,Refund of Rs 38418 for cancelled ticket 7950052603 has still not been received after 86 days despite multiple complaints on the railway portal.,Ministry of Railways,Madhya Pradesh,high,0.5761,0.037,41.3
SYN0000168,"Complaint registered 17 months ago, no resolution yet from Ministry of Labour.",Ministry of Labour,Uttar Pradesh,critical,0.5637,0.054,27.3
SYN0000229,My luggage worth Rs 182508 was stolen from coach S7 on train 12301 and no proper action has been taken by railway authorities.,Ministry of Railways,Delhi,high,0.5833,0.029,63.7
SYN0000236,My luggage worth Rs 161159 was stolen from coach S4 on train Vande Bharat 2056 and no proper action has been taken by railway authorities.,Ministry of Railways,Madhya Pradesh,high,0.6008,0.042,60.2
SYN0000252,My luggage worth Rs 66572 was stolen from coach B2 on train Rajdhani and no proper action has been taken by railway authorities.,Ministry of Railways,Kerala,high,0.59,0.026,59.7
SYN0000256,Office of Ministry of Water Resources closed during working hours repeatedly.,Ministry of Water Resources,Jharkhand,low,0.5638,0.183,31.4
SYN0000405,Electricity bill of Rs 41722 for July appears heavily overcharged despite normal household usage.,Ministry of Power,Karnataka,medium,0.5702,0.253,60.0
SYN0000419,Refund of Rs 15418 for cancelled ticket 5303388081 has still not been received after 19 days despite multiple complaints on the railway portal.,Ministry of Railways,Tamil Nadu,high,0.5647,0.013,43.3
SYN0000492,Application submitted 117 days ago with no response from Ministry of Commerce.,Ministry of Commerce,West Bengal,high,0.5603,0.043,67.1
SYN0000509,Refund of Rs 155456 for cancelled ticket 3433111854 has still not been received after 103 days despite multiple complaints on the railway portal.,Ministry of Railways,Chhattisgarh,high,0.6098,0.019,65.2
SYN0000513,Electricity bill of Rs 10777 for June appears heavily overcharged despite normal household usage.,Ministry of Power,Bihar,low,0.5752,0.165,54.0
SYN0000526,"Train 12301 from Punjab to Assam was delayed by 5 hours without any announcement, causing inconvenience to passengers and senior citizens.",Ministry of Railways,Haryana,low,0.5645,0.104,46.3
SYN0000556,Electricity bill of Rs 130481 for March appears heavily overcharged despite normal household usage.,Ministry of Power,Gujarat,high,0.5624,0.079,56.9
SYN0000575,Service not provided despite Rs 119483 fee paid to Ministry of Petroleum.,Ministry of Petroleum,Uttarakhand,high,0.5705,0.617,30.7
SYN0000604,Refund of Rs 168679 for cancelled ticket 2731421360 has still not been received after 107 days despite multiple complaints on the railway portal.,Ministry of Railways,West Bengal,high,0.5669,0.011,49.2
SYN0000659,Office of Department of Posts closed during working hours repeatedly.,Department of Posts,Uttar Pradesh,high,0.563,0.092,68.1
SYN0000677,Refund of Rs 164211 for cancelled ticket 2547427786 has still not been received after 169 days despite multiple complaints on the railway portal.,Ministry of Railways,Kerala,high,0.5712,0.022,49.9
SYN0000693,"Complaint registered 12 months ago, no resolution yet from Ministry of Commerce.",Ministry of Commerce,Tamil Nadu,critical,0.5777,0.148,65.6
SYN0000696,"Complaint registered 14 months ago, no resolution yet from Ministry of Water Resources.",Ministry of Water Resources,Jharkhand,critical,0.5887,0.037,26.7
SYN0000818,Ambulance service did not respond in Sector 4 for 42 hours during a medical emergency involving an elderly patient.,Ministry of Health,Uttarakhand,critical,0.5811,0.464,31.7
SYN0000819,My luggage worth Rs 58539 was stolen from coach B2 on train Rajdhani and no proper action has been taken by railway authorities.,Ministry of Railways,Bihar,high,0.5644,0.04,61.7
SYN0000822,Refund of Rs 146224 for cancelled ticket 9954035060 has still not been received after 72 days despite multiple complaints on the railway portal.,Ministry of Railways,Karnataka,high,0.5731,0.037,38.4
SYN0000849,Refund of Rs 106467 for cancelled ticket 2321318186 has still not been received after 79 days despite multiple complaints on the railway portal.,Ministry of Railways,Punjab,high,0.5608,0.018,45.5
SYN0000850,Refund of Rs 175741 for cancelled ticket 6067610558 has still not been received after 40 days despite multiple complaints on the railway portal.,Ministry of Railways,West Bengal,high,0.5733,0.019,39.7
SYN0000858,My luggage worth Rs 32889 was stolen from coach B2 on train 22691 and no proper action has been taken by railway authorities.,Ministry of Railways,West Bengal,high,0.6035,0.012,65.4
SYN0000895,PM-KISAN installment of Rs 18893 has not been received for 13 months despite verification being completed successfully.,Ministry of Agriculture,Telangana,high,0.5635,0.051,27.7
SYN0000896,Ambulance service did not respond in Village Rampur for 29 hours during a medical emergency involving an elderly patient.,Ministry of Health,Uttarakhand,critical,0.6139,0.846,33.1
SYN0000909,PM-KISAN installment of Rs 178252 has not been received for 2 months despite verification being completed successfully.,Ministry of Agriculture,Jharkhand,high,0.5658,0.029,30.7
SYN0000940,My luggage worth Rs 41420 was stolen from coach 2A on train Vande Bharat 2056 and no proper action has been taken by railway authorities.,Ministry of Railways,Kerala,high,0.578,0.031,57.2
SYN0000944,Service not provided despite Rs 24391 fee paid to Ministry of Labour.,Ministry of Labour,Kerala,high,0.5663,0.087,60.2
SYN0000949,Service not provided despite Rs 53758 fee paid to Ministry of Transport.,Ministry of Transport,Assam,high,0.606,0.73,64.8
SYN0000980,Service not provided despite Rs 137602 fee paid to Ministry of Commerce.,Ministry of Commerce,Karnataka,high,0.5866,0.15,64.9
SYN0000988,My luggage worth Rs 90165 was stolen from coach B2 on train Vande Bharat 2056 and no proper action has been taken by railway authorities.,Ministry of Railways,Gujarat,high,0.5674,0.031,50.1
SYN0001037,"Complaint registered 3 months ago, no resolution yet from Ministry of Petroleum.",Ministry of Petroleum,Tamil Nadu,high,0.5627,0.507,72.3
SYN0001040,My luggage worth Rs 104401 was stolen from coach S7 on train Rajdhani and no proper action has been taken by railway authorities.,Ministry of Railways,West Bengal,high,0.5781,0.026,62.3
SYN0001059,My luggage worth Rs 64369 was stolen from coach A1 on train 22691 and no proper action has been taken by railway authorities.,Ministry of Railways,Chhattisgarh,high,0.6022,0.019,64.2
SYN0001087,"Train 22691 from Telangana to Tamil Nadu was delayed by 71 hours without any announcement, causing inconvenience to passengers and senior citizens.",Ministry of Railways,Bihar,high,0.5759,0.021,64.0
SYN0001164,Document submitted to Department of Posts not processed for 37 days.,Department of Posts,Assam,low,0.5668,0.758,39.4
SYN0001207,"Mid-day meal has not been provided at government school in Colony C for 117 days, affecting students from poor families.",Ministry of Education,Kerala,critical,0.5623,0.075,30.9
SYN0001208,"Vaccination certificate has not been generated even after 135 days, causing issues for travel and office verification.",Ministry of Health,Tamil Nadu,critical,0.5686,0.208,31.1
SYN0001289,Refund of Rs 23683 for cancelled ticket 6646907184 has still not been received after 84 days despite multiple complaints on the railway portal.,Ministry of Railways,Maharashtra,high,0.5658,0.036,44.9
SYN0001298,"Mobile network services have been unavailable in Village Rampur for 144 days, affecting online classes and digital payments.",Ministry of Telecommunications,Madhya Pradesh,critical,0.5949,0.438,22.7
SYN0001340,My luggage worth Rs 80104 was stolen from coach A1 on train 12301 and no proper action has been taken by railway authorities.,Ministry of Railways,Punjab,high,0.5653,0.018,52.6
SYN0001436,My luggage worth Rs 123878 was stolen from coach B2 on train Vande Bharat 2056 and no proper action has been taken by railway authorities.,Ministry of Railways,Kerala,high,0.5843,0.056,60.5
SYN0001447,Crop insurance claim worth Rs 6722 was rejected without any valid inspection or explanation from officials.,Ministry of Agriculture,Uttar Pradesh,high,0.5701,0.1,30.5
SYN0001498,My luggage worth Rs 182562 was stolen from coach B2 on train 12301 and no proper action has been taken by railway authorities.,Ministry of Railways,Maharashtra,high,0.5753,0.044,55.8
SYN0001631,My luggage worth Rs 146455 was stolen from coach S4 on train Rajdhani and no proper action has been taken by railway authorities.,Ministry of Railways,Uttarakhand,high,0.5865,0.113,65.3
SYN0001637,Crop insurance claim worth Rs 60949 was rejected without any valid inspection or explanation from officials.,Ministry of Agriculture,Gujarat,low,0.5622,0.04,43.1
SYN0001654,PM-KISAN installment of Rs 139393 has not been received for 7 months despite verification being completed successfully.,Ministry of Agriculture,Madhya Pradesh,high,0.5679,0.142,30.4
SYN0001659,My luggage worth Rs 111876 was stolen from coach S4 on train 22691 and no proper action has been taken by railway authorities.,Ministry of Railways,West Bengal,high,0.5789,0.019,61.9
SYN0001665,"Complaint registered 8 months ago, no resolution yet from Ministry of Water Resources.",Ministry of Water Resources,Tamil Nadu,medium,0.565,0.675,62.2
SYN0001673,"Train Vande Bharat 2056 from Assam to Assam was delayed by 12 hours without any announcement, causing inconvenience to passengers and senior citizens.",Ministry of Railways,Jharkhand,high,0.5852,0.019,22.9
SYN0001679,Doctor at District Hospital demanded Rs 86976 cash for treatment that should have been completely free under the government scheme.,Ministry of Health,Odisha,medium,0.567,0.145,37.0
SYN0001717,My luggage worth Rs 54990 was stolen from coach A1 on train 12301 and no proper action has been taken by railway authorities.,Ministry of Railways,Chhattisgarh,high,0.6132,0.009,66.2
SYN0001721,SIM card was blocked without prior notice even though the number has active recharge and valid KYC verification.,Ministry of Telecommunications,Karnataka,medium,0.5609,0.719,30.9
SYN0001723,My luggage worth Rs 73319 was stolen from coach S4 on train Shatabdi and no proper action has been taken by railway authorities.,Ministry of Railways,Karnataka,medium,0.5609,0.023,44.8
SYN0001755,"Train 12301 from Rajasthan to Kerala was delayed by 67 hours without any announcement, causing inconvenience to passengers and senior citizens.",Ministry of Railways,Madhya Pradesh,critical,0.6185,0.576,31.9
SYN0001762,"Train Vande Bharat 2056 from Assam to Kerala was delayed by 35 hours without any announcement, causing inconvenience to passengers and senior citizens.",Ministry of Railways,Haryana,high,0.5693,0.011,33.7
SYN0001834,Service not provided despite Rs 25808 fee paid to Department of Posts.,Department of Posts,Bihar,medium,0.5612,0.701,38.8
SYN0001855,Refund of Rs 150742 for cancelled ticket 6018677014 has still not been received after 38 days despite multiple complaints on the railway portal.,Ministry of Railways,Uttar Pradesh,high,0.5655,0.053,43.6
SYN0001884,Refund of Rs 146580 for cancelled ticket 8966902154 has still not been received after 29 days despite multiple complaints on the railway portal.,Ministry of Railways,Karnataka,high,0.5701,0.008,44.6
SYN0001913,My luggage worth Rs 162878 was stolen from coach S4 on train 22691 and no proper action has been taken by railway authorities.,Ministry of Railways,Bihar,medium,0.5716,0.047,43.4
SYN0001921,Refund of Rs 51185 for cancelled ticket 8189604840 has still not been received after 115 days despite multiple complaints on the railway portal.,Ministry of Railways,Haryana,high,0.568,0.013,38.0
SYN0001922,SIM card was blocked without prior notice even though the number has active recharge and valid KYC verification.,Ministry of Telecommunications,Andhra Pradesh,medium,0.5604,0.675,33.8
gdn_5765618729748450427,"‘My head spins with the heat’: India’s gig workers battle exhaustion amid soaring temperatures . Cities across south and south-east Asia are becoming places where informal workers can no longer recover from the heat By the time Jalaj Jha begins getting ready for work each morning, he already feels drained. Awakening in a cramped room in Delhi, with no ventilation except a rattling fan pushing hot air around, the 24-year-old gig worker has ahead of him a 12-hour shift delivering groceries. “I barely sleep three or four hours in this heat,” Jha said, wiping dust off his motorbike, which he uses for deliveries.",Ministry of Labour,Delhi,medium,0.6369,0.013,44.3
gdn_1516781142998756142,"Angus Taylor’s claim support is a ‘privilege of citizenship’ leaves Deepa and others with an impossible choice. Opposition leader’s view that only Australians should get access to welfare leaves some facing the prospect of giving up their homeland citizenship When Deepa Chaudhary’s newborn slept, she used the time to find out what support she could get as a permanent resident in Australia. The answer was: not very much. Chaudhary moved here from India four years ago and worked until her baby was born in January last year. She describes the stress and mental health issues of being a new mother in Australia. “You’re supposed to get a maternity payment, b",Ministry of Health,national,medium,0.6428,0.028,45.6
gdn_4016189506614183340,"The Guardian view on India’s Iran shock: Asia’s neoliberal era starts to fracture. <strong>Editorial:</strong> Narendra Modi’s austerity appeals reveal how war, energy insecurity and dollar pressures expose the fragility of globalisation The Indian prime minister’s call for sacrifice last week marks a fundamental shift. He urged the country’s 1.4 billion people to consume less fuel and fertiliser, buy less gold and curb foreign travel as global energy prices surge because of the war in Iran. The message, redolent of the Covid-era restrictions, suggests something larger: a retreat from neoliberal globalisation in Asia and the retur",Ministry of Agriculture,national,medium,0.631,0.025,48.3
gdn_7175892720905810010,"US reportedly dropped fraud charges against Indian billionaire after he hired Trump’s lawyer. Gautam Adani, richest man in Asia, was accused of conspiring to pay $250m in bribes to Indian government officials The US Department of Justice is dropping its fraud charges against the Indian billionaire Gautam Adani, the richest man in Asia, after he hired a new legal team led by Donald Trump’s personal lawyer, according to new reports. In an undisclosed April meeting at the justice department, Trump’s personal lawyer, Robert J Giuffra Jr, said that Adani would invest $10bn in the US economy and create 15,00",Ministry of Home Affairs,national,critical,0.6687,0.021,36.1
gdn_1891898784933297814,"‘A passion, but also a gamble’: why India’s gen Z are cashing in on the trend for secondhand fashion. Faced with rising costs and a lack of jobs, many young Indians are turning an online side hustle into a successful income – but the informal work isn’t always plain sailing The work begins at sunrise, ahead of her first Instagram post. Astha Chhetri starts the day on her phone, combing through supplier lists, checking shipment updates and preparing stock for her online store. The evenings find Chhetri, 26, with her mobile still in hand, photographing and posting reels of clothes for sale and replying to customer messages. What started as a side hustle while she was w",Ministry of Telecommunications,national,medium,0.6655,0.036,30.7
gdn_3889899987798333890,"Fifa’s failure to agree World Cup TV deals in China and India a headache for Infantino. With the tournament a month away, there are still no agreements done with the two Asian giants to ensure fans there can watch all 104 games When Fifa expanded the World Cup from 32 to 48 teams, it was in the hope that countries such as India and China, with their 2.7 billion residents, would qualify rather than countries such as Cape Verde and Curaçao, whose combined population of about 700,000 barely equals a district of a megacity such as Mumbai or Shanghai. What the governing body did not account for was that, with the 2026 tournam",Ministry of Home Affairs,national,medium,0.6532,0.012,53.8
gdn_1851081550524720894,"Can promises on gender equality made in Australia help a 16-year-old cigarette maker with no toilet in India?. In this week’s newsletter:<strong> </strong>can the Melbourne declaration help women affected by injustice?; plus the artist chronicling the DRC’s blood-soaked history in embroidery In her words I first spoke to Shazia Khanum for a report on informal jobs. The 16-year-old’s fingers moved swiftly as she talked, rolling bidis – tendu leaves tied around tobacco. She rolls about 300-500 of the cigarettes daily, earning about £1. In the cramped workshop in Karnataka’s Yarab Nagar, India, where she works, there are no toilets or sanitary facilities. Asked how she manages her period",Ministry of Home Affairs,Karnataka,medium,0.6433,0.021,47.2
gdn_3585227363997694422,"Can promises on gender equality made in Australia help a 16-year-old Indian cigarette maker with no toilet?. The Melbourne declaration aims to direct funding and power to those most overlooked and affected by injustice. But for many its promise is a distant one I first spoke to Shazia Khanum for a report I was writing on adolescent girls in informal jobs. The 16-year-old’s fingers moved swiftly as she talked, rolling bidis – tobacco in tendu leaves tied with string. She told me she rolls about 300 to 500 thin cigarettes daily, earning a little more than £1 on a good day (roughly 250 rupees for 1,000 bidis is the rate). In the cramped workshop where she w",Ministry of Power,national,medium,0.6442,0.027,48.8
gdn_8613860249540030290,"‘Pocket-sized symbol of colonial loot’: how New York’s mayor revived Koh-i-noor diamond debate. Zohran Mamdani’s suggestion King Charles should return diamond to India has reopened old wounds It may not be the biggest or most precious jewel ensconced in the Tower of London, but few diamonds have a legacy to rival that of the Koh-i-noor. Likely to have originated in southern India, the diamond’s history is that of a great disruptor across the subcontinent, exchanging hands over centuries through acts of war, violence and assassination from Mughal emperors, Persian invaders, Sikh Kings a",Ministry of Home Affairs,national,medium,0.6439,0.033,30.4
gdn_6563402220400187802,"Raghu Rai obituary. Celebrated photographer who captured the political upheavals and everyday life of post-independence India In the early hours of 3 December 1984, the photographer Raghu Rai was woken by a phone call from his editor at India Today alerting him to a catastrophic gas leak at the Union Carbide pesticide plant in Bhopal. Thousands had been killed in what would become known as the world’s worst industrial disaster. Rai took the first flight out of Delhi, arriving that morning to a city overwhelmed by death.",Ministry of Petroleum,Delhi,critical,0.6585,0.025,36.5
gdn_8812285451785280663,"New York officials return more than 650 antiquities valued at $14m to India. Move comes after mayor Zohran Mamdani spoke of return of the Koh-i-noor diamond after UK royals’ visit to New York Hundreds of antiquities valued at $14m have been returned to India by New York authorities, including some connected to the alleged art smuggler Subhash Kapoor, in a move that is likely to raise the pressure on others to make similar gestures. The return of 657 antiquities was announced by the Manhattan district attorney, Alvin Bragg Jr, on Tuesday, and came as New York City’s mayor, Zohran Mamdan",Ministry of Telecommunications,national,low,0.6639,0.014,43.6
gdn_8871413341093745269,"Shock in India after man takes remains of his sister to bank to prove her death. Jitu Munda says he was refused access to money in case highlighting ‘lack of humanity’ in Indian bureaucracy The sight of a man bringing the remains of his dead sister to a bank in India after officials had refused to let him withdraw money without proof of her death has caused shock in India. Jitu Munda, 52, from the Indian state of Odisha, was captured on video carrying the remains of his recently deceased sister through the streets of Keonjhar and placing them outside the local bank. Munda said he had",Ministry of Home Affairs,Odisha,critical,0.6721,0.025,32.3
gdn_917303120498118394,"Indian billionaire’s son offers to house Pablo Escobar’s hippos at his private zoo. Anant Ambani revives offer to transport 80 animals, all descendants of Colombian drug kingpin’s pets, to India It remains one of the strangest conundrums in modern zoological history – what to do with the descendants of Pablo Escobar’s hippos? The animals – herbivores native to sub-Saharan Africa – were originally imported into Colombia by the drug kingpin for his own entertainment. But the beasts and their offspring were left to roam free after his death in 1993. Now, the expanding population of feral hip",Ministry of Commerce,national,critical,0.6591,0.016,44.2
gdn_3027440291041485992,"Weather tracker: Torrential rain in southern China leads to flooding fears. Heatwaves reach 45C across India as unseasonably cold weather affects parts of central Canada Widespread heavy rain is sweeping over southern China. By Wednesday, rainfall totals are expected to exceed 100mm across many parts of Guangxi, Guangdong, Fujian, Zhejiang, Jiangxi and Hunan provinces, and in some areas as much as 150-200mm. As a result, the Office of the State Flood Control and Drought Relief Headquarters and the Ministry of Emergency Management have been holding meetings with me",Ministry of Housing,national,medium,0.6185,0.025,48.0
gdn_3891560723121045133,"India voices anger after Trump shares comments calling it a ‘hellhole’. Foreign ministry calls remarks of rightwing podcast host shared by Trump ‘uninformed, inappropriate and in poor taste’ The Indian government has denounced a social media post shared by Donald Trump that described India as a “hellhole”, calling the comments inappropriate and “in poor taste”. On Wednesday, Trump posted a four-page transcription of remarks made by the conservative podcast host Michael Savage that denounced the US constitutional right to citizenship of everyone born in the country. Without evidence, t",Ministry of Home Affairs,national,medium,0.6195,0.025,48.3
gdn_1298349274941314728,"‘Lawrence is karma’: the gangster who became an icon of Modi’s India. <strong>The long read:</strong> Lawrence Bishnoi has been in high-security custody for more than a decade. During that time, he has been linked to multiple high-profile killings, both in India and as far afield as Canada. What explains his seemingly undimmed power? The border that separates India from Pakistan is lined with 50,000 towering poles that hold 150,000 floodlights, which at night create a glare that is visible from outer space. Passing through the towns on the Indian side of the border, it can be difficult to tell, even in daylight, where one ends and the other begins. Curving along the rolling fields of wheat are nameless dirt roads where men sit",Ministry of Finance,national,medium,0.6532,0.026,51.8
gdn_4810884972019227140,"Millions in India stripped of vote before critical state election, as government seeks to ‘purify’ electoral roll. Experts say Muslims and other minorities have been disproportionately deleted from the electoral roll ahead of the West Bengal elections this week Millions of people in the Indian state of West Bengal have been stripped of their vote ahead of a critical state election this week, after a controversial electoral revision described by critics as a “bloodless political genocide” and mass disenfranchisement of minorities. In West Bengal, a total of 9.1 million names have been deleted from the register, more than 10% of the electorate. While many",Ministry of Home Affairs,West Bengal,critical,0.6735,0.009,40.6
gdn_2368600257634651449,"India fails to pass bill to boost women’s representation after delimitation row. Opposition accuses Narendra Modi government of using quotas as cover for redrawing electoral map The Indian government has failed to pass a bill to increase female representation in parliament after being accused of using the plan as a guise to redraw the country’s electoral map. It was the first time in 12 years in power that a constitutional amendment proposed by Narendra Modi’s Bharatiya Janata party (BJP) government was not passed by parliament. The failure followed a fierce debate, with",Ministry of Education,national,medium,0.6223,0.026,45.0
gdn_3336062535518532150,"‘I’ve not had proper food for days’: migrant workers leave India’s cities as Iran war fuel crisis deepens. Gas shortages and rising food prices mean many who came to the capital for work cannot afford to eat. Going home is now their only option At 9am on a Saturday, 35-year-old Raju Prasad rushes through Anand Vihar railway station in Delhi, a heavy bag slung over his shoulder. Beside him, his wife clutches their youngest daughter with one arm and a white plastic bucket with the other. Their three other children trail behind – one dragging a trolley bag, the others holding on to whatever little they can manage. With Prasad’s brother, the",Ministry of Railways,Delhi,medium,0.6409,0.024,47.4
gdn_750040599965107983,"Indians protest over ‘forever chemicals’ after relocation of scandal-hit Italian factory. Lack of Pfas regulations raised in parliament after Guardian revealed former Miteni plant bought by Indian company Protests over the production of cancer-linked Pfas chemicals have spread across India, after an investigation revealed that an Italian factory shut down due to an environmental scandal was bought by an Indian company and partly rebuilt. At the end of last year, the Guardian revealed that the former Miteni plant in Vicenza had been acquired by the Indian company Laxmi Organic Industries. The factor",Ministry of Education,national,medium,0.6373,0.012,53.8
gdn_7660809160374380772,"Public health at risk across Asia as Iran crisis sends price of cooking gas soaring. Families turn to dirty fuels such as firewood, bringing fears over air pollution and fragility of energy transition In the ramshackle lanes of a south Delhi slum, Afshana Khatoon crouched wearily on her haunches and began lighting a small pile of firewood. She had only just returned from six hours spent trudging through the urban forests and dry parks of India’s capital looking for kindling to turn into a makeshift stove. As the unforgiving summer heat soared above 40C, she had walked for miles, piling the stic",Ministry of Health,Delhi,medium,0.6303,0.03,46.1
gdn_6479618828783527920,"Starmer urged to intervene in ‘rigged’ Indian prosecution of British human rights activist. Senior lawyers call on prime minister to request Indian prosecutors drop charges that would breach double jeopardy rule Four senior lawyers, including the former attorney general Dominic Grieve, have written to Keir Starmer urging him to request that Indian prosecutors drop charges against the British national Jagtar Singh Johal on the basis that continued prosecution would be in manifest breach of the double jeopardy rule which prevents someone being tried twice for the same offence. Johal has been held in an Indi",Ministry of Home Affairs,national,medium,0.6265,0.025,48.0
gdn_4887952455411930416,"‘Defeated by conspiracy’: West Bengal chief minister refuses to resign after election loss. Mamata Banerjee says Narendra Modi’s party ‘forcefully captured’ election that ended her party’s 15 years in power A political showdown is taking place in the Indian state of West Bengal as the chief minister, Mamata Banerjee, India’s most powerful female politician, has refused to resign after she lost elections to the prime minister’s party this week. Narendra Modi’s Bharatiya Janata party (BJP) won an overwhelming victory on Monday in state elections in West Bengal, where Banerjee and her Trinamool Congress",Ministry of Power,West Bengal,medium,0.6312,0.014,48.8
gdn_4162699501847714905,"Narendra Modi’s BJP wins election in West Bengal for the first time. Result in key Indian state is set to have significant implications for the country’s political landscape Narendra Modi’s party has won a resounding election victory in West Bengal, a state which had been a rare opposition stronghold, expanding his unrivalled consolidation of power across the country. It is the first time that the Indian prime minister’s Bharatiya Janata party (BJP) has won assembly elections in West Bengal, a large and politically significant state in eastern India. Over the past 15",Ministry of Power,West Bengal,medium,0.6427,0.007,58.5
gdn_9165356237000721634,"‘It’s no longer exceptional’: Karachi struggles under brutal new reality of extreme heat. Experts say the unseasonably hot weather across south Asia shows the impact of the climate crisis An intense and prolonged heatwave has been causing misery for millions across Pakistan and India. In southern Pakistan throughout April and May, temperatures have risen far above seasonal norms. In Sindh, daytime temperatures have frequently crossed 44C to 46C, forcing residents indoors during peak afternoon hours and severely affecting outdoor labourers, transport workers and farming communities.",Ministry of Labour,national,medium,0.624,0.015,45.3
gdn_4664333789051364220,"Tensions high in West Bengal after BJP aide shot dead and hundreds arrested. Turmoil and violence rocks state after prime minister Narendra Modi’s party claimed victory in legislative election Tensions have been high in the Indian state of West Bengal after a top political aide from Narendra Modi’s party was shot dead in the street and hundreds were arrested as violence broke out following elections this week. The prime minister’s Bharatiya Janata party (BJP) claimed victory in the West Bengal elections on Monday, defeating Trinamool Congress (TMC), which had ruled over the state legisl",Ministry of Home Affairs,West Bengal,medium,0.6361,0.008,51.7
rss_4960694801362518353,"Tamil Nadu’s rights of utmost importance, never said will surrender that: Higher Education Minister. He was responding to a controversy stoked by his statement in Madurai on Wednesday that the new government need not follow the policies of the previous government, particularly with regard to the Chief Minister serving as the Chancellor of universities",Ministry of Education,Tamil Nadu,medium,0.5793,0.018,53.8
rss_7460992571625864420,"T.N. Higher Education Minister says CM need not be Chancellor of universities; DMK, VCK criticise remark. During his visit to Madurai, the Minister had stated that the present TVK-led government should not find it imperative to stick to the stand taken by the previous DMK government that the Chief Minister alone should be the Chancellor of State-run universities",Ministry of Education,national,medium,0.568,0.025,48.0
rss_1548831217451094481,"Women-led solar power plant inaugurated in Telangana’s Khammam; ₹4.5 lakh-₹5 lakh monthly income estimated. Telangana government intends to establish similar solar power plants in every district, says Deputy CM and Power Minister Mallu Bhatti Vikramarka",Ministry of Power,Telangana,low,0.6107,0.011,46.5
rss_5387891417424261866,"Tamil Nadu CM Vijay calls on PM Modi at New Delhi; discusses Mekedatu, fishermen issues. Mr. Vijay urged the Prime Minister to direct the Union Home Ministry to issue a clarification permitting the respective State invocation songs to be sung at the beginning of all government events",Ministry of Home Affairs,Tamil Nadu,low,0.6033,0.01,49.2
rss_9122256072305967243,"Andhra Pradesh officials say Odisha blocking census collection in Kotia villages. Tribal Welfare Minister Gummadi Sandhya Rani has asked Chief Minister N. Chandrababu Naidu to protect the people of the disputed Kotia villages, where Odisha officials have reportedly stopped Andhra Pradesh staff from collecting census data",Ministry of Panchayati Raj,Andhra Pradesh,high,0.561,0.015,43.1
rss_2071876632189045651,"Emotional scenes as Abdul Rahim arrives home in Kerala after serving 20-year jail term in Saudi. A native of Kodampuzha in Kozhikode district of Kerala, Abdul Rahim was imprisoned and sentenced to death in 2006 for the murder of 14-year-old differently abled son of his employer. His jail term ended on May 19",Ministry of Home Affairs,Kerala,low,0.6123,0.008,47.6
rss_2663288070186685414,"Sold twice, raped multiple times, tribal girl trafficked from Odisha narrates ordeal. Odisha police launch investigation after the girl who escaped from Jhansi district of Uttar Pradesh file a formal complaint",Ministry of Home Affairs,Uttar Pradesh,low,0.5678,0.016,43.1
rss_4579442789673977777,"India, China hold 'constructive' talks on LAC; agree border peace key to normalising ties. The two sides also agreed to work together to make ""substantive preparation"" for the next meeting of the Special Representatives (SR) which is to be held in China",Ministry of Education,national,low,0.5929,0.014,43.6
rss_2804315463731884290,"Bihar cabinet approves ‘cashless treatment’ for MLAs, government officials, employees and pensioners. The cabinet also approved the framing of “Bihar Ryot Land Purchase Policy 2026”, as per which land can be acquired based on mutual talks/coordination/consent from the ryots for various projects of both the central and state governments",Ministry of Social Justice,Bihar,medium,0.5731,0.013,51.9
rss_1251190624832551962,"Annapurna Yojana: How to enrol in West Bengal’s new cash aid scheme for women. Under the Annapura Yojana scheme, women will receive ₹3,000 per month. The existing Lakshmir Bhandar scheme will continue until the new programme is fully implemented",Ministry of Panchayati Raj,West Bengal,low,0.6124,0.005,48.0
rss_1803991030941985254,"Finance Ministry to conduct factory visits for ground-level inputs ahead of Budget planning. The initiative, led by the Department of Economic Affairs in the Finance Ministry, will involve senior DEA officials visiting large, medium and small manufacturing units, as well as externally aided projects, to assess operational and policy challenges across sectors",Ministry of Finance,national,low,0.613,0.014,43.6
rss_7226573810911261867,"Watch: Whatever happened to India’s ambitious biogas plans?. We are now starting to see the impact of the war in West Asia, and the resultant blockade of the Strait of Hormuz by both the U.S. and Iran. The government has raised petrol and diesel prices after a gap of four years. The price of CNG has been increased. This crisis is showing just how vulnerable India’s energy security is to external shocks. But, is there a fuel we’ve been sitting on all along that can potentially solve several issues?",Ministry of Home Affairs,national,medium,0.607,0.025,48.3
rss_2030982072098924768,Fuel prices up ₹7.5 in 10 days after fourth hike by ₹2.8 per litre. Petrol crosses ₹100/litre mark in Delhi after four years; Finance Minister Nirmala Sitharaman says government to take ₹1 lakh crore revenue hit for reducing Central excise duty on petrol and diesel by ₹10 a litre,Ministry of Petroleum,Delhi,medium,0.5943,0.021,46.9
rss_2973894956687589869,China agrees to boost trade for U.S. agricultural products following Trump-Xi summit. The announcement came two days after President Donald Trump returned from a high-stakes summit in Beijing where he sought to ease the impact on American farmers from the trade war he launched last year,Ministry of Agriculture,national,low,0.6002,0.014,43.6
rss_4563675688401798738,"Weather Today LIVE: Delhi May Get Relief As Weather Body Predicts Rain, Storms Today. Weather Updates Today, Heatwave, IMD Alert LIVE Updates: Light to very light rain is expected during the afternoon and evening, accompanied by strong winds and squalls reaching speeds of 50-60 kmph",Ministry of Finance,Delhi,medium,0.561,0.011,50.5
rss_694361377404539253,"""Superman to Clark Kent"": Clavicular heavily trolled after quitting testosterone as viral transformation shocks viewers. Looksmaxxing influencer Clavicular, whose real name is Braden Peters, faced intense online criticism after appearing noticeably different following his decision to quit testosterone and other substances. The backlash came weeks after a hospitalization linked to a health scare that prompted him to rethink his lifestyle. While critics mocked his reduced physique, many supporters praised his choice to prioritize long-term health and well-being over maintaining an image built around extreme looksmaxxing practices",Ministry of Health,national,medium,0.6269,0.042,47.4
rss_9046930738098461284,"Why did Adin Ross refuse UFC Freedom 250 appearance despite Donald Trump planning historic White House fight night?. Adin Ross said he will not attend UFC Freedom 250 at the White House after hearing rumors that Benjamin Netanyahu could be there. Ross shared the decision during a Kick livestream and said he prefers watching from home with his father. Meanwhile, UFC and White House staff are preparing the historic June 16 event, with Dana White and Donald Trump promising a massive crowd and celebration",Ministry of Home Affairs,national,medium,0.6068,0.025,48.3
rss_9161061295069255679,"“This is so stupid”: Candace Owens challenges Blake Neff over Charlie Kirk and Erika Kirk TPUSA successor claims. Candace Owens and Blake Neff clashed again on X after Neff appeared to mock Owens’ possible presidential ambitions. Owens responded by demanding proof that Charlie Kirk appointed Erika Kirk as his successor at TPUSA. Their argument quickly spread online, with supporters from both sides reacting strongly. The controversy also renewed public debate around Erika Kirk’s growing role within Turning Point USA",Ministry of Social Justice,national,medium,0.6047,0.025,48.3
rss_2813327474287685172,"Arsenal Thobe for Eid? Zohran Mamdani goes viral in bold football-themed outfit at Eid al-Adha celebration. Zohran Mamdani marked Eid al-Adha in the Bronx wearing a custom Arsenal-inspired thobe, blending religious tradition with football identity during a public appearance alongside Alexandria Ocasio-Cortez. The outfit, adapted from Arsenal’s away kit, drew attention online for its symbolic fusion of culture, faith and sport. Mamdani’s message on solidarity and public service framed the celebration as both personal expression and political statement in New York",Ministry of Social Justice,national,medium,0.617,0.025,48.3
rss_7024993900763809927,"PM Narendra Modi urges precaution as IMD warns heatwave for next 2-3 days. Heat wave to severe heat wave conditions are likely to continue over Central and Northwest India during next two to three days, the India Meteorological Department (IMD) has warned. Large parts of the country have been recording a prolonged hot spell for a week now, further accentuated by warm nights in many places",Ministry of Social Justice,national,medium,0.5755,0.024,45.8
rss_7872085667754379189,"‘Bambi bucket’ ops, ₹67 lakh losses: IAF steps in as Himachal battles massive forest fire in Kasauli. The aerial firefighting operation was launched after the blaze spread across difficult mountainous terrain near the Air Force Station in the Solan district",Ministry of Railways,national,low,0.6178,0.014,45.8
rss_7762987491008386999,"Royal Enfield unveils Bullet 650; check details. Royal Enfield launched ‘Bullet’ in its powerful 650cc avatar in India on Thursday with availability across all authorised company dealerships. The new launch is priced at Rs 3,64,856 (ex-showroom) with two colours Cannon Black and Battleship Blue.Bullet 650 is paired with a 6-speed gearbox and a twin-cylinder platform that is suited for both relaxed cruising and spirited riding. It is built around a steel tubular spine frame and equipped with Showa suspension.The Bullet's traditional stance is anchored by 19-inch front and 18-inch rear wheels, as the company chose to maintain the classic proportions that have long defined the motorcycle's road presence. It has also maintained the signature teardrop fuel tank with its vintage-inspired winged badge, hand-painted pinstripes, and bench seat.The motorcycle also features a casquette-mounted LED headlamp along with the iconic “tiger-eye” pilot lamps. The new launched has raised handlebars and an upright riding posture to reinforce the presence that has always defined the Bullet on the road.Bullet 650 has a digital LCD display showing essential information such as fuel level, trip meter, gea",Ministry of Finance,national,low,0.7126,0.014,45.8
rss_5530590337333460315,"Office realty leasing rises 30%, on track to beat last year high. Mumbai: Robust demand for office spaces has pushed commercial property leasing in the first three quarters of 2019 by 30% from a year ago, taking it closer to entire 2018’s performance and making sure that this year surpasses the peak touched last year.Driven by tech corporates — accounting for about a third of the leasing activity — office space take-up touched 47 million sq ft in the first nine months against entire 2018’s performance of 48.9 million sq ft, showed data from CBRE South Asia. With this, office leasing activity is now expected to touch its highest level ever, estimated to be over 60 million sq ft in 2019.Leasing activity stood at about 15.4 million sq ft during the quarter ended September, rising by nearly 23% on an annual basis. This was dominated by small- to medium-sized transactions. Small-sized transactions of less than 10,000 sq ft accounted for over 40% of the transaction activity in the quarter. 71641558 “With office leasing scaling a historic high in 2019, we expect further strengthening of occupier sentiment in the medium to long term, backed by corporates looking to expand or consolidate th",Ministry of Finance,national,medium,0.7013,0.014,59.6
rss_8229747939041014641,"Developers may face liquidity crisis on NBFC woes: Fitch. MUMBAI: Liquidity risk is increasing for Indian-based real-estate developers, as non-bank financial institutions (NBFI; including housing finance companies) are shying away from lending to the sector, said Fitch Ratings.Developers that rely on refinancing from NBFIs, particularly those with weak financial profiles, will be affected the most should conditions persist. The availability of unencumbered assets among large developers may be of limited use, as NBFIs are looking to shed their already-high exposure to the sector, especially to large borrowers.NBFIs have disproportionately increased their share of real-estate sector credit in the previous few years, owing to heightened risk aversion by banks; banks have been cutting exposure due to their own funding challenges that began in late 2018, which have become more acute in the previous few months; domestic bank exposures fell to 2.3% of loans in the financial year ending March 2019 from 2.8% in 2015-16.NBFIs are now also shying away from refinancing maturing debt of even large, proven developers to limit concentration risk to the sector. This is pushing developers towards a",Ministry of Finance,national,medium,0.6835,0.023,45.2
rss_6970009393613922558,"Adani Green to seek board nod to raise up to $1 billion. Adani Green Energy is set to seek board approval to raise Rs 6,150 crore ($750 million) to Rs 8,200 crore ($1 billion) through the qualified institutional placement (QIP) route, said people aware of the matter.Two group companies had got approval of their boards for fundraising on May 13 —Adani Enterprises (Rs 12,500 crore) and Adani Transmission (Rs 8,500 crore).The exercise is part of a group plan outlined internally last year to build a “three-year equity cushion” to support expansion plans.Adani Green has secured such capital-raising permission every year from its board except in 2021, as per a Bloomberg analysis.The capital raised by Adani Green Energy will be used to repay an outstanding $750 million, three-year bond issued in 2021 that’s due next year. The money is likely to be kept in a dedicated redemption reserve account and paid on the due date, said the people cited above.Renegotiating Terms With TotalThe original plan had been to prepay the bond after special Reserve Bank of India (RBI) approval but the company decided against this move.“We do not comment on routine business matters. All public disclosures on bus",Ministry of Finance,national,medium,0.7046,0.012,57.8
rss_5526669454878684526,"At Rs 10,000 crore, Anil Ambani's Reliance Capital recovery may be only 43%. Lenders to Anil Ambani-promoted Reliance Capital are likely to recover just about ₹10,000 crore after the winning bidder, Hinduja Group, declined to significantly improve its offer in the last round of bilateral negotiations that ended on Monday evening, people aware of the development told ET. The recovery, totalling about ₹10,090 crore on factoring in the target company's cash balances and the Hinduja offer, falls short of the ₹12,500-13,000 crore estimated liquidation value. A Hinduja Group entity, IndusInd International Holdings, offered ₹9,650 crore in the extended auction held on April 26. Hinduja improved the offer by only ₹10 crore during the bilateral negotiations, the people cited above said. In addition, the distressed financial services company has around Rs 430 crore as cash balances, which would be distributed among the lenders. This would add up to Rs 10,090 crore, equating to a 43% recovery for verified lenders.Administrator Nageswara Rao Y has admitted Rs 23,666 crore in claims from verified creditors.""Hinduja Group will submit a detailed resolution plan by next week while lenders are in t",Ministry of Finance,national,medium,0.691,0.024,44.4
rss_4438508619821833264,"Apple faces Indian engineer’s bias lawsuit. Apple Inc. lost an early round in a discrimination lawsuit brought in the U.S. by a female engineer from India who says her two managers -- one from her country, the other from Pakistan -- treated her as they would in their own countries: as a subservient.The woman’s case in California state court is the latest to allege workplace bias in Silicon Valley that focuses on cultural prejudices of some tech workers from South Asia. Cisco Systems Inc. is fighting a suit brought by California’s civil rights agency alleging bias against a member of India’s so-called lower castes, known as Dalits.Anita Nariani Schulze is part of the Sindhi minority -- she is Hindu, with ancestry in the Sindh region of what is now Pakistan. Her complaint alleges that her senior and direct managers, both male, consistently excluded her from meetings while inviting her male counterparts, criticized her, micromanaged her work, and deprived her of bonuses, despite positive performance evaluations and significant team contributions.Schulze claims the managers’ animus reflects sexism, racism, religious bias and discrimination on the basis of national origin. The Sindhi Hi",Ministry of Finance,national,medium,0.6877,0.015,40.4
rss_5246441331655316726,"Ravi Shankar Prasad questions Arnab Goswami's arrest. NEW DELHI: Law Minister and senior BJP leader Ravi Shankar Prasad on Wednesday described the arrest of Republic TV Editor-in-Chief Arnab Goswami as ""seriously reprehensible, unwarranted and worrisome.""He also questioned the silence of the Congress leadership when its government in Maharashtra was ""blatantly suppressing freedom of press.""Police on Wednesday arrested Goswami in Mumbai for allegedly abetting suicide of a 53-year-old interior designer, a police official said.""The arrest of senior journalist Arnab Goswami is seriously reprehensible, unwarranted and worrisome. We had fought for freedoms of Press as well while opposing the draconian Emergency of 1975,"" Prasad said in a series of tweets.The arrest of senior journalist #ArnabGoswami is seriously reprehensible, unwarranted and worrisome. We had fought… https://t.co/d5fY66b1w5 mdash; Ravi Shankar Prasad (@rsprasad) 1604465175000He said while Congress leaders Sonia and Rahul Gandhi have attacked the Modi government ""through motivated charges of attack on institutions"" yet they are completely silent when their own government in Maharashtra is ""blatantly suppressing freedom o",Ministry of Home Affairs,Maharashtra,critical,0.7143,0.02,32.3
rss_5336933717466551832,"Delhi govt to recruit 15,000 more home guard personnel: LG. New Delhi: The Delhi government will recruit 15,000 home guards, taking their total number to 25,000, an official statement said on Wednesday. Delhi LG VK Saxena on Tuesday distributed letters of enrolment to 1669 home guards out of 10,000, for which the recruitment process was started in January, said the statement from the Raj Niwas. Addressing the newly recruited home guards at an event, the LG said that in the near future additional 15,000 home guards will be added, taking their total strength to over 25,000 it said. The newly recruited home guards included 226 former civil defence volunteers (CDVs) who were working as bus marshals when they were removed in November last year. The new recruits also included 181 women, the statement said. The LG in January this year cleared enrolment of 10,285 home guards and directed that the CDVs be given preference in the form of extra credit points in the selection process. However, some candidates approached the court, and as a result, the appointment on 7,939 posts of home guards was kept pending as the matter became sub-judice. The LG, had however, directed appointment of 2,346 h",Ministry of Home Affairs,Delhi,high,0.6802,0.029,42.8
SYN0002021,My luggage worth Rs 175335 was stolen from coach S4 on train Shatabdi and no proper action has been taken by railway authorities.,Ministry of Railways,Chhattisgarh,high,0.5624,0.039,58.6
SYN0002031,Doctor at Civil Hospital demanded Rs 144597 cash for treatment that should have been completely free under the government scheme.,Ministry of Health,Odisha,medium,0.5822,0.356,29.0
SYN0002062,My luggage worth Rs 71443 was stolen from coach S4 on train Vande Bharat 2056 and no proper action has been taken by railway authorities.,Ministry of Railways,Maharashtra,high,0.5628,0.019,42.4
SYN0002110,Scholarship amount of Rs 172466 has not been disbursed for the last 10 months despite successful application approval.,Ministry of Education,Telangana,high,0.5663,0.379,68.0
SYN0002116,Doctor at District Hospital demanded Rs 120450 cash for treatment that should have been completely free under the government scheme.,Ministry of Health,Haryana,medium,0.5617,0.213,40.4
SYN0002144,GST input credit of Rs 183950 has been blocked for 8 months without any clarification from the department.,Ministry of Finance,Madhya Pradesh,medium,0.5635,0.686,45.8
SYN0002155,Office of Ministry of Commerce closed during working hours repeatedly.,Ministry of Commerce,Jharkhand,low,0.5939,0.065,27.3
SYN0002177,Bank account was frozen without prior notice and an amount of Rs 6932 remains inaccessible for daily expenses.,Ministry of Finance,Punjab,medium,0.5761,0.722,43.8
SYN0002189,My luggage worth Rs 67612 was stolen from coach S7 on train 22691 and no proper action has been taken by railway authorities.,Ministry of Railways,Chhattisgarh,high,0.5854,0.026,67.2
SYN0002195,Scholarship amount of Rs 50336 has not been disbursed for the last 8 months despite successful application approval.,Ministry of Education,Delhi,medium,0.5654,0.681,37.6
SYN0002306,Doctor at Civil Hospital demanded Rs 70267 cash for treatment that should have been completely free under the government scheme.,Ministry of Health,Odisha,medium,0.608,0.754,33.2
SYN0002317,"Income tax refund of Rs 110268 for AY 2024-25 has not been credited even after 83 days, causing financial hardship.",Ministry of Finance,Uttarakhand,high,0.5757,0.59,39.5
SYN0002356,Doctor at District Hospital demanded Rs 127608 cash for treatment that should have been completely free under the government scheme.,Ministry of Health,Rajasthan,medium,0.5608,0.245,51.6
SYN0002503,Refund of Rs 35019 for cancelled ticket 5524902001 has still not been received after 168 days despite multiple complaints on the railway portal.,Ministry of Railways,Karnataka,high,0.5701,0.008,44.6
SYN0002554,Refund of Rs 186548 for cancelled ticket 6717765853 has still not been received after 33 days despite multiple complaints on the railway portal.,Ministry of Railways,Odisha,high,0.5801,0.022,33.4
SYN0002567,Mobile number portability request has been rejected multiple times without any valid reason or customer support assistance.,Ministry of Telecommunications,Maharashtra,medium,0.5606,0.23,16.1
SYN0002581,Excess bill of Rs 149821 was charged in December without any usage explanation from the telecom provider.,Ministry of Telecommunications,Maharashtra,medium,0.5673,0.455,37.0
SYN0002582,"Income tax refund of Rs 90341 for AY 2024-25 has not been credited even after 23 days, causing financial hardship.",Ministry of Finance,Assam,high,0.5688,0.32,63.4
SYN0002589,My luggage worth Rs 74376 was stolen from coach S4 on train Vande Bharat 2056 and no proper action has been taken by railway authorities.,Ministry of Railways,Tamil Nadu,medium,0.573,0.042,52.7
SYN0002597,Service not provided despite Rs 51295 fee paid to Ministry of Labour.,Ministry of Labour,Gujarat,low,0.5757,0.193,51.9
SYN0002635,Bank account was frozen without prior notice and an amount of Rs 158280 remains inaccessible for daily expenses.,Ministry of Finance,Uttarakhand,medium,0.5655,0.588,58.4
SYN0002686,Bank account was frozen without prior notice and an amount of Rs 66470 remains inaccessible for daily expenses.,Ministry of Finance,Tamil Nadu,medium,0.5781,0.587,58.7
SYN0002699,My luggage worth Rs 65955 was stolen from coach B2 on train Rajdhani and no proper action has been taken by railway authorities.,Ministry of Railways,Chhattisgarh,high,0.5636,0.03,54.5
SYN0002710,Doctor at Civil Hospital demanded Rs 161208 cash for treatment that should have been completely free under the government scheme.,Ministry of Health,Assam,medium,0.6038,0.78,56.8
SYN0002714,Crop insurance claim worth Rs 196209 was rejected without any valid inspection or explanation from officials.,Ministry of Agriculture,Madhya Pradesh,medium,0.6057,0.869,40.0
SYN0002721,Service not provided despite Rs 27634 fee paid to Ministry of Labour.,Ministry of Labour,Uttarakhand,medium,0.5746,0.121,56.0
SYN0002754,"Train Vande Bharat 2056 from Madhya Pradesh to Andhra Pradesh was delayed by 45 hours without any announcement, causing inconvenience to passengers and senior citizens.",Ministry of Railways,Andhra Pradesh,high,0.5645,0.014,36.7
SYN0002756,Teacher has remained absent from school in Block B for the past 129 days and students are suffering academically.,Ministry of Education,Uttarakhand,medium,0.5701,0.866,44.0
SYN0002788,My luggage worth Rs 129165 was stolen from coach A1 on train 22691 and no proper action has been taken by railway authorities.,Ministry of Railways,Delhi,medium,0.6067,0.049,63.4
SYN0002790,"Income tax refund of Rs 26917 for AY 2024-25 has not been credited even after 8 days, causing financial hardship.",Ministry of Finance,Assam,high,0.5648,0.407,66.6
SYN0002827,Doctor at District Hospital demanded Rs 77749 cash for treatment that should have been completely free under the government scheme.,Ministry of Health,Telangana,medium,0.5802,0.219,42.9
SYN0002955,Bank account was frozen without prior notice and an amount of Rs 915 remains inaccessible for daily expenses.,Ministry of Finance,Madhya Pradesh,medium,0.5683,0.6,39.8
SYN0002958,Service not provided despite Rs 197995 fee paid to Ministry of Home Affairs.,Ministry of Home Affairs,Bihar,medium,0.6035,0.759,32.8
